player_id,player_name,player_hand,player_ht,player_ioc
106000,Damir Dzumhur,R,172,BIH
104001,Brian Wilson,R,190,USA
103003,Jean Francois Bachelot,R,183,FRA
104003,Victor Crivoi,R,185,ROU
104004,Filip Prpic,R,173,SWE
105004,Dimitar Kutrovsky,R,NULL,BUL
103007,Mounir El Aarej,R,NULL,MAR
104007,Andre Ghem,R,193,BRA
103009,Razvan Sabau,R,185,ROU
104010,Dieter Kindlmann,R,183,GER
105011,Illya Marchenko,R,185,UKR
104014,Lee Childs,R,NULL,GBR
124014,Ernesto Escobedo,R,NULL,USA
105015,Franco Skugor,R,193,CRO
103017,Nicolas Kiefer,R,183,GER
103018,Max Mirnyi,R,196,BLR
104019,Kristof Vliegen,R,193,BEL
102021,Michael Chang,R,175,USA
104022,Mikhail Youzhny,R,183,RUS
105023,Sam Querrey,R,198,USA
104023,Nicolas Renavand,R,NULL,FRA
102024,Hernan Gumy,R,188,ARG
102025,Mikael Tillstrom,R,185,SWE
104025,Amer Delic,R,196,BIH
104026,Joachim Johansson,R,198,SWE
106026,Yuki Bhambri,R,183,IND
105028,Jesse Levine,L,175,CAN
102029,Filip Dewulf,R,190,BEL
103029,Mehdi Tahiri,R,183,MAR
105030,Michael Venus,R,NULL,NZL
103031,Julian Alonso,R,185,ESP
103032,Francisco Fogues,L,190,ESP
105032,Samuel Groth,R,NULL,AUS
106032,Facundo Arguello,R,NULL,ARG
102035,Jonas Bjorkman,R,183,SWE
104035,Bobby Reynolds,R,183,USA
103035,Alessio Di Mauro,L,185,ITA
105041,Lukas Lacko,R,185,SVK
104043,Marc Lopez,R,175,ESP
106043,Diego Sebastian Schwartzman,R,NULL,ARG
106044,Nicolas Kicker,R,NULL,ARG
103045,Reginald Willems,R,180,BEL
106045,Denis Kudla,R,180,USA
103047,Julien Varlet,R,180,FRA
105047,Tim Puetz,R,NULL,GER
105051,Matthew Ebden,R,188,AUS
105052,Chris Eaton,R,NULL,GBR
102053,Brian Macphie,L,180,USA
104053,Andy Roddick,R,188,USA
105053,Santiago Giraldo,R,188,COL
106053,Philip Davydenko,U,NULL,RUS
104056,Roko Karanusic,R,183,CRO
106058,Jack Sock,R,185,USA
103060,Alejandro Hernandez,R,180,MEX
102061,Kevin Ullyett,R,178,ZIM
105062,Mikhail Kukushkin,R,183,KAZ
103063,Sebastien De Chaunac,R,183,FRA
105063,Andrea Arnaboldi,L,NULL,ITA
105064,Thomaz Bellucci,L,188,BRA
105065,Tim Smyczek,R,175,USA
106065,Marco Cecchinato,R,NULL,ITA
103066,Mark Nielsen,R,185,NZL
104068,Robby Ginepri,R,183,USA
104070,Jesse Witten,R,178,USA
106071,Bernard Tomic,R,193,AUS
104071,Raven Klaasen,R,180,RSA
105074,Ruben Bemelmans,L,NULL,BEL
106075,Jozef Kovalik,R,NULL,SVK
104076,Jose Acasuso,R,190,ARG
103077,Konstantinos Economidis,R,188,GRE
105077,Albert Ramos,L,188,ESP
105079,Ivan Sergeyev,R,NULL,UKR
105080,Miloslav Mecir,U,NULL,SVK
104081,Boris Pashanski,R,180,SRB
103082,Markus Hantschk,R,188,GER
104082,Hiroki Kondo,R,NULL,JPN
103084,Guillermo Canas,R,185,ARG
101086,Ronald Agenor,R,180,USA
102087,Oleg Ogorodov,R,193,UZB
104091,Miguel Angel Lopez Jaen,R,188,ESP
102093,Martin Damm,R,188,CZE
105095,Evgeny Korolev,R,185,KAZ
104095,David Guez,R,185,FRA
103096,Arnaud Clement,R,173,FRA
104098,Dmitry Tursunov,R,185,RUS
105098,Alexandre Sidorenko,R,NULL,FRA
105099,Antonio Veic,R,180,CRO
103103,Dominik Hrbaty,R,183,SVK
102103,Michael Sell,R,180,USA
102104,Christian Ruud,R,188,NOR
103104,Bjorn Rehnquist,R,175,SWE
103105,Ruben Ramirez Hidalgo,R,183,ESP
106105,Guilherme Clezar,R,NULL,BRA
102106,Davide Sanguinetti,R,188,ITA
102107,Jan Frode Andersen,L,190,NOR
102110,Daniel Nestor,L,190,CAN
103110,Daniele Bracciali,R,180,ITA
104112,Benjamin Balleret,R,185,MON
105113,Patrik Rosenholm,U,NULL,SWE
103114,Martin Lee,L,180,GBR
104117,Giovanni Lapentti,R,193,ECU
103118,Ion Moldovan,R,188,ROU
104121,Tobias Summerer,R,185,GER
106121,Taro Daniel,R,NULL,JPN
104122,Carlos Berlocq,R,183,ARG
105122,Karlis Lejnieks,R,NULL,LAT
105128,Guillermo Olaso,U,NULL,ESP
105132,Jurgen Zopp,R,190,EST
102133,Laurence Tieleman,R,180,ITA
103133,Olivier Mutis,R,175,FRA
102135,Emilio Benfele Alvarez,R,183,ESP
104136,Santiago Gonzalez,R,190,MEX
105137,Pere Riba,R,183,ESP
106137,Tristan Lamasine,R,NULL,FRA
105138,Roberto Bautista Agut,R,NULL,ESP
102143,Nicolas Thomann,R,183,FRA
103145,Amir Hadad,R,183,ISR
105147,Tatsuma Ito,R,180,JPN
102148,Fabrice Santoro,R,178,FRA
106148,Roberto Carballes Baena,R,NULL,ESP
104149,Adrian Cruciat,R,NULL,ROU
105149,Reda El Amrani,R,185,MAR
101150,Gianluca Pozzi,L,180,ITA
103151,Mariano Zabaleta,R,183,ARG
102153,German Puentes,R,173,ESP
103153,Gilles Elseneer,R,188,BEL
102154,Marcos Ondruska,R,183,RSA
103154,Jaymon Crabb,R,183,AUS
104154,Paul Capdeville,R,190,CHI
105154,Joao Souza,R,193,BRA
103157,Arvind Parmar,R,193,GBR
102158,Patrick Rafter,R,185,AUS
103158,Johan Ortegren,R,NULL,SWE
104160,Lukas Dlouhy,R,185,CZE
105161,Yann Marti,R,173,SUI
103162,Dejan Petrovic,R,NULL,SRB
102162,Chris Woodruff,R,188,USA
103163,Tommy Haas,R,188,GER
103165,Gorka Fraile,R,180,ESP
103166,Vladimir Voltchkov,R,180,BLR
104166,Alex Bogomolov Jr,R,178,RUS
105166,Peter Polansky,R,180,CAN
102167,Juan Albert Viloca Puig,R,185,ESP
104167,Todd Widom,R,NULL,USA
102169,Michael Joyce,R,180,USA
103169,Oscar Hernandez,R,180,ESP
103171,Raemon Sluiter,R,185,NED
104171,Richard Bloomfield,R,185,GBR
104173,Sam Warburg,R,190,USA
105173,Adrian Mannarino,L,183,FRA
103174,Noam Okun,R,185,ISR
103175,Toshihide Matsui,R,180,JPN
103176,David Sanchez,R,183,ESP
103178,Johan Settergren,R,185,SWE
102179,Antony Dupuis,R,185,FRA
104180,Gilles Muller,L,193,LUX
103181,Jiri Vanek,R,185,CZE
103182,Markus Hipfl,R,178,AUT
104182,Sasa Tuksar,R,180,CRO
103184,Bob Bryan,L,193,USA
102184,David Prinosil,R,185,GER
101185,Mark Woodforde,L,188,AUS
103185,Mike Bryan,R,190,USA
106186,Jason Kubler,R,NULL,AUS
124187,Reilly Opelka,U,NULL,USA
103188,Michael Russell,R,173,USA
111190,Zhizhen Zhang,U,NULL,CHN
101191,Richey Reneberg,R,180,USA
103193,Peter Wessels,R,196,NED
105194,Nick Lindahl,R,183,AUS
104195,Simone Vagnozzi,R,173,ITA
104196,Carlos Cuadrado,R,180,ESP
103198,Justin Bower,L,190,RSA
104198,Guillermo Garcia Lopez,R,188,ESP
111200,Elias Ymer,R,NULL,SWE
102201,Lionel Roux,R,185,FRA
103201,Adrian Garcia,R,175,CHI
102202,Kenneth Carlsen,L,190,DEN
103202,Oscar Serrano,R,173,ESP
111202,Hyeon Chung,U,NULL,KOR
126203,Taylor Harry Fritz,U,NULL,USA
103204,Hugo Armando,R,183,USA
102205,Sebastien Lareau,R,183,CAN
103206,Sebastien Grosjean,R,175,FRA
106207,Mate Pavic,L,NULL,CRO
126207,Francis Tiafoe,R,NULL,USA
105208,Ernests Gulbis,R,190,LAT
104209,Rainer Eitzinger,R,178,AUT
106210,Jiri Vesely,L,NULL,CZE
104214,Igor Andreev,R,185,RUS
104216,Maximo Gonzalez,R,175,ARG
105216,Yuichi Sugita,R,NULL,JPN
106216,Bjorn Fratangelo,R,NULL,USA
105217,Thiemo De Bakker,R,193,NED
104217,Simon Stadler,L,183,GER
104219,Stephane Bohli,R,185,SUI
102223,Karim Alami,R,185,MAR
105223,Juan Martin Del Potro,R,198,ARG
104224,Travis Rettenmaier,R,188,USA
103225,Simon Larose,R,190,CAN
104225,Jan Hajek,R,180,CZE
106225,Andrew Whittington,R,NULL,AUS
104226,Bastian Knittel,L,NULL,GER
105226,Attila Balazs,R,180,HUN
102227,Sargis Sargsian,R,180,ARM
105227,Marin Cilic,R,198,CRO
104227,Augustin Gensse,U,NULL,FRA
103228,Marcos Daniel,R,180,BRA
104229,Yen Hsun Lu,R,180,TPE
103230,Tasuku Iwami,L,168,JPN
104230,Daniel Koellerer,R,180,AUT
102231,Alex Calatrava,R,190,ESP
102233,Leander Paes,R,178,IND
106233,Dominic Thiem,R,NULL,AUT
102234,Oliver Gross,R,185,GER
106234,Aslan Karatsev,U,NULL,RUS
102238,Alberto Berasategui,R,173,ESP
103238,Jean Claude Scherrer,R,188,SUI
105238,Alexandr Dolgopolov,R,180,UKR
103239,Marcus Sarstrand,R,183,SWE
103240,Kevin Kim,R,180,USA
103242,Juan Giner,R,178,ESP
102243,Marcelo Charpentier,L,180,ARG
106243,Mate Delic,R,NULL,CRO
102247,Andrea Gaudenzi,R,183,ITA
103248,Harel Levy,R,185,ISR
103250,Rodolphe Cadart,L,183,FRA
104250,Prakash Amritraj,R,188,IND
102251,Mariano Hood,L,178,ARG
103252,Alberto Martin,R,175,ESP
104252,Florian Mayer,R,190,GER
103254,Yves Allegro,R,183,SUI
105254,Nikola Mektic,U,NULL,CRO
104256,Clement Reix,U,NULL,FRA
102257,Greg Rusedski,L,193,GBR
102259,Jerome Golmard,L,188,FRA
104259,Philipp Kohlschreiber,R,178,GER
104261,Peng Sun,R,NULL,CHN
106261,Dennis Novikov,R,NULL,USA
104262,Flavio Cipolla,R,173,ITA
102263,Yong Il Yoon,R,175,KOR
103264,Mariano Puerta,L,180,ARG
104268,Alejandro Falla,L,185,COL
102269,Jeff Salzenstein,L,185,USA
104269,Fernando Verdasco,L,188,ESP
105269,Marcelo Demoliner,R,NULL,BRA
103270,Kristian Capalik,R,188,USA
105270,Maxime Teixeira,R,NULL,FRA
102271,Hicham Arazi,L,175,MAR
104273,Edouard Roger Vasselin,R,188,FRA
103280,Martin Verkerk,R,196,NED
104281,Ryler Deheart,L,183,USA
106281,Liam Broady,L,NULL,GBR
103285,Radek Stepanek,R,185,CZE
102286,Wayne Black,R,170,ZIM
105286,Greg Jones,R,190,AUS
102287,Albert Portas,R,188,ESP
106288,Mathias Bourgue,R,NULL,FRA
106290,Filip Peliwo,R,NULL,CAN
104291,Malek Jaziri,R,185,TUN
106291,Luke Saville,R,NULL,AUS
103292,Gaston Gaudio,R,175,ARG
104292,Izak Van Der Merwe,R,196,RSA
105292,Alejandro Gonzalez,R,NULL,COL
103294,Christophe Rochus,R,170,BEL
104294,Hao Lu,R,NULL,CHN
103296,Ivaylo Traykov,R,188,BUL
103297,Alex Kim,R,175,USA
104297,Rogerio Dutra Silva,R,178,BRA
106298,Lucas Pouille,R,NULL,FRA
102300,Gouichi Motomura,R,173,JPN
105300,Sergio Gutierrez Ferrol,R,NULL,ESP
105302,Ante Pavic,U,NULL,CRO
103305,Daniel Elsner,R,183,GER
104305,Luka Gregorc,R,NULL,SLO
102306,Michael Kohlmann,R,188,GER
104308,Michal Przysiezny,R,185,POL
105311,Joao Sousa,R,NULL,POR
104311,Leonardo Tavares,R,NULL,POR
104312,Andreas Seppi,R,190,ITA
104314,Brian Dabul,L,170,ARG
102318,Andrei Pavel,R,183,ROU
103318,Zeljko Krajan,R,178,CRO
105318,Thomas Schoorel,L,203,NED
103319,Jeff Morrison,R,185,USA
101320,Magnus Gustafsson,R,185,SWE
103324,Arnaud Di Pasquale,R,185,FRA
103325,Wesley Moodie,R,196,RSA
104327,Steve Darcis,R,178,BEL
106328,Christian Harrison,R,NULL,USA
106329,Thiago Monteiro,L,NULL,BRA
104330,Rajeev Ram,R,193,USA
122330,Alexander Bublik,R,NULL,RUS
104332,Philipp Petzschner,R,185,GER
105332,Benoit Paire,R,196,FRA
103333,Ivo Karlovic,R,208,CRO
103337,Ben Qiang Zhu,R,NULL,CHN
102338,Yevgeny Kafelnikov,R,190,RUS
104338,Juan Monaco,R,185,ARG
104339,Mario Ancic,R,196,CRO
103339,Wesley Whitehouse,L,190,RSA
105339,Yan Bai,U,NULL,CHN
103344,Ivan Ljubicic,R,193,CRO
102344,Karol Kucera,R,188,SVK
104349,Rui Machado,R,178,POR
103356,Michel Kratochvil,R,185,SUI
105357,John Millman,R,183,AUS
102358,Thomas Enqvist,R,190,SWE
104360,Adam Chadaj,L,178,POL
106361,Adam Pavlasek,R,NULL,CZE
106368,Ramkumar Ramanathan,R,NULL,IND
102369,Julien Boutter,R,190,FRA
103369,Melle Van Gemerden,R,183,NED
104371,Ivo Minar,R,183,CZE
104372,Alex Bogdanovic,L,183,GBR
101373,Karsten Braasch,L,180,GER
103373,Sergio Roitman,R,185,ARG
105373,Martin Klizan,L,190,SVK
102374,Alex Corretja,R,180,ESP
102375,Dinu Pescariu,R,185,ROU
105376,Peter Gojowczyk,R,185,GER
106378,Kyle Edmund,R,NULL,GBR
104379,Todd Reid,R,180,AUS
105379,Aljaz Bedene,R,181,SLO
102381,Werner Eschauer,R,188,AUT
102382,Julian Knowle,L,188,AUT
104383,Diogo Rocha,U,NULL,POR
103385,Paul Baccanello,R,183,AUS
105385,Donald Young,L,183,USA
104386,Janko Tipsarevic,R,180,SRB
103387,Paradorn Srichaphan,R,185,THA
106390,Matteo Donati,R,NULL,ITA
104392,Franco Ferreiro,R,188,BRA
103393,Yuri Schukin,R,188,KAZ
102395,Ville Liukko,R,173,FIN
103395,Julio Silva,R,173,BRA
104395,Marcel Felder,R,NULL,URU
103397,Alexandre Simoni,R,188,BRA
104397,Laurent Recouderc,R,NULL,FRA
102401,Scott Draper,L,178,AUS
103401,Jan Hernych,R,190,CZE
106401,Nick Kyrgios,R,NULL,AUS
103403,Takahiro Terachi,R,NULL,JPN
105404,Michael Mcclune,R,188,USA
103408,Brian Vahaly,R,183,USA
105413,Andrej Martin,R,180,SVK
106415,Yoshihito Nishioka,L,NULL,JPN
104417,Robin Soderling,R,193,SWE
103420,Michal Tabara,R,175,CZE
106421,Daniil Medvedev,R,NULL,RUS
102422,Michael Hill,R,188,AUS
106423,Thanasi Kokkinakis,R,NULL,AUS
103424,Tobias Clemens,R,185,GER
104424,Go Soeda,R,178,JPN
106426,Christian Garin,R,NULL,CHI
103428,Juan Ignacio Chela,R,190,ARG
103429,Peter Luczak,R,183,AUS
105430,Radu Albot,U,NULL,MDA
133430,Denis Shapovalov,L,NULL,CAN
106432,Borna Coric,R,NULL,CRO
104433,Frank Dancevic,R,185,CAN
102434,Vincent Spadea,R,183,USA
103435,Massimo Dellacqua,R,193,ITA
102437,Adrian Voinea,R,185,ROU
105438,Inigo Cervantes Huegun,R,NULL,ESP
105441,John Patrick Smith,L,NULL,AUS
111442,Jordan Thompson,R,NULL,AUS
102443,Barry Cowan,L,188,GBR
103444,Jean Rene Lisnard,R,173,MON
102446,Andrei Medvedev,R,193,UKR
103448,Gabriel Trujillo Soler,R,NULL,ESP
105449,Steve Johnson,R,188,USA
102450,Tim Henman,R,185,GBR
103451,Bjorn Phau,R,175,GER
104453,Michael Ryderstedt,L,188,SWE
105453,Kei Nishikori,R,178,JPN
103454,Nicolas Massu,R,183,CHI
105454,Brydan Klein,R,183,AUS
102455,Lorenzo Manta,R,190,SUI
103455,Michal Mertinak,R,180,SVK
102456,Felix Mantilla,R,180,ESP
103457,Petr Kralert,R,188,CZE
104460,Dustin Brown,R,196,GER
111460,Quentin Halys,R,NULL,FRA
102464,Todd Larkham,R,178,AUS
102466,Jan Kroslak,R,188,SVK
104467,Lamine Ouahab,R,185,ALG
104468,Gilles Simon,R,183,FRA
103470,Robert Kendrick,R,190,USA
104471,Ivan Dodig,R,183,CRO
105472,Nils Langer,U,NULL,GER
102473,Thomas Schiessling,R,180,AUT
104476,Louk Sorensen,R,175,IRL
102477,Gaston Etlis,R,185,ARG
104477,Jorge Aguilar,R,NULL,CHI
105477,Marco Trungelliti,R,NULL,ARG
103478,Diego Veronelli,R,193,ARG
103484,James Blake,R,185,USA
103487,Federico Luzzi,R,188,ITA
105487,Facundo Bagnis,L,NULL,ARG
103490,Santiago Ventura,R,183,ESP
102494,Tomas Behrend,R,193,GER
104494,Adrian Ungur,R,178,ROU
101495,Miguel Tobon,R,185,COL
104495,Florin Mergea,R,180,ROU
102497,Mashiska Washington,R,180,USA
103498,Marat Safin,R,193,RUS
104499,Jimmy Wang,R,178,TPE
104500,Somdev Devvarman,R,180,IND
103503,Robin Vik,R,183,CZE
104505,Konstantin Kravchuk,R,190,RUS
103506,Martin Vassallo Arguello,R,183,ARG
103507,Juan Carlos Ferrero,R,183,ESP
111511,Noah Rubin,R,NULL,USA
102512,Joseph Sirianni,R,175,AUS
105512,Alexander Sarkissian,R,NULL,USA
104515,Mathieu Montcourt,R,183,FRA
103516,Nathan Healey,R,180,AUS
104516,Arnau Brugues Davi,L,183,ESP
103521,Andrea Stoppini,R,190,ITA
103523,Rohan Bopanna,R,190,IND
104523,Frederico Gil,R,178,POR
102524,Neville Godwin,R,173,RSA
103525,Ivan Miranda,R,175,PER
105526,Jan Lennard Struff,R,NULL,GER
104527,Stanislas Wawrinka,R,183,SUI
103527,Julien Jeanpierre,R,188,FRA
103529,Aisam Ul Haq Qureshi,R,183,PAK
103530,Zack Fleishman,R,188,USA
101532,Francisco Clavet,L,183,ESP
102533,Jens Knippschild,R,190,GER
103534,Nicolas Devilder,L,173,FRA
104534,Dudi Sela,R,175,ISR
103535,Olivier Patience,R,180,FRA
102538,Tuomas Ketola,R,185,FIN
103538,James Auckland,R,NULL,GBR
102539,Bohdan Ulihrach,R,188,CZE
105539,Evgeny Donskoy,R,185,RUS
104542,Jo Wilfried Tsonga,R,188,FRA
105542,Bastian Trinker,U,NULL,AUT
101543,Jeff Tarango,L,180,USA
103543,David Marrero,R,185,ESP
103544,Andy Ram,R,180,ISR
104545,John Isner,R,206,USA
104547,Horacio Zeballos,L,188,ARG
102548,Juan Antonio Marin,R,175,CRC
104548,Brian Baker,R,190,USA
104550,Ricardo Hocevar,R,180,BRA
105550,Guido Pella,L,NULL,ARG
103553,Alun Jones,R,180,AUS
105554,Daniel Evans,R,175,GBR
102558,Eric Taino,L,175,PHI
105558,Guillaume Rufin,R,188,FRA
104559,Teymuraz Gabashvili,R,188,RUS
103559,David Sherwood,R,193,GBR
103560,KJ Hippensteel,L,190,USA
105561,Alessandro Giannessi,L,183,ITA
102562,Jiri Novak,R,190,CZE
102563,Thomas Johansson,R,180,SWE
104563,Luca Vanni,U,NULL,ITA
102565,Alexander Waske,R,188,GER
103565,Stephane Robert,R,185,FRA
103566,Michael Llodra,L,190,FRA
102567,George Bastl,R,183,SUI
102571,Gregory Carraz,R,190,FRA
104571,Marcos Baghdatis,R,183,CYP
105572,Austin Krajicek,L,NULL,USA
103573,Rik De Voest,R,180,RSA
105573,Henri Kontinen,R,NULL,FIN
102574,Gabriel Trifu,R,193,ROU
105575,Ricardas Berankis,R,175,LTU
111575,Karen Khachanov,R,NULL,RUS
105577,Vasek Pospisil,R,193,CAN
111577,Jared Donaldson,R,NULL,USA
111578,Stefan Kozlov,R,NULL,USA
104579,Romain Jouan,R,183,FRA
103580,Alexander Peya,R,183,AUT
103581,Flavio Saretta,R,183,BRA
103582,Michael Berrer,L,193,GER
105583,Dusan Lajovic,R,180,SRB
102585,Sebastian Prieto,R,180,ARG
105585,Ze Zhang,R,NULL,CHN
104586,Lukas Rosol,R,196,CZE
104589,Chris Guccione,L,201,AUS
105589,Gerald Melzer,L,NULL,AUT
103592,Jerome Haehnel,R,185,FRA
104592,Ilija Bozoljac,R,193,SRB
104593,Daniel Gimeno Traver,R,185,ESP
103594,Oliver Marach,R,185,AUT
104594,Marinko Matosevic,R,194,AUS
105596,Jan Satral,R,NULL,CZE
104597,Nicolas Almagro,R,183,ESP
103598,Xavier Malisse,R,185,BEL
103600,Mohammad Ghareeb,R,NULL,KUW
103602,Fernando Gonzalez,R,183,CHI
110602,Dennis Novak,R,NULL,AUT
102607,Juan Balcells,R,190,ESP
104607,Tomas Berdych,R,196,CZE
103607,Victor Estrella,R,173,DOM
101609,David Wheaton,R,193,USA
102610,Albert Costa,R,180,ESP
101611,Cedric Pioline,R,188,FRA
105614,Bradley Klahn,L,190,USA
102615,Dennis Van Scheppingen,R,185,NED
104619,Jesse Huta Galung,R,188,NED
104620,Simone Bolelli,R,183,ITA
104624,Joshua Goodall,R,188,GBR
103626,Tomas Tenconi,R,178,ITA
104628,Alexander Kudryavtsev,R,183,RUS
102629,Oscar Burrieza,R,170,ESP
104629,Adrian Menendez Maceiras,R,NULL,ESP
102630,Slimane Saoudi,L,NULL,ALG
103632,Luis Horna,R,180,PER
104633,Mathieu Rodrigues,U,NULL,FRA
105633,Mohamed Safwat,R,183,EGY
104635,Robert Smeets,L,188,AUS
104639,Wayne Odesnik,L,180,USA
105641,Blaz Rola,L,NULL,SLO
102642,Cyril Saulnier,R,190,FRA
105643,Federico Delbonis,L,190,ARG
102644,Franco Squillari,L,183,ARG
100644,Alexander Zverev,R,NULL,GER
101647,Byron Black,R,175,ZIM
105649,Cedrik Marcel Stebe,L,183,GER
102650,Roberto Carretero,R,178,ESP
105650,Marcus Willis,L,NULL,GBR
104651,Martin Alund,R,NULL,ARG
102652,Christian Vinck,L,183,GER
104655,Pablo Cuevas,R,180,URU
105655,Hiroki Moriya,R,NULL,JPN
103656,Albert Montanes,R,175,ESP
103657,Ivo Klec,R,183,SVK
105657,Marius Copil,R,193,ROU
104660,Sergiy Stakhovsky,R,193,UKR
104661,Pierre Ludovic Duclos,U,NULL,CAN
103663,Matias Boeker,R,NULL,USA
104665,Pablo Andujar,R,180,ESP
102667,Satoshi Iwabuchi,L,175,JPN
104667,Philipp Oswald,R,NULL,AUT
105668,Jerzy Janowicz,R,203,POL
102669,Noam Behr,L,188,ISR
105671,Gastao Elias,R,178,POR
103672,Ricardo Mello,L,175,BRA
104672,Vincent Millot,L,173,FRA
101675,Martin Rodriguez,R,178,ARG
103675,Diego Junqueira,L,178,ARG
104676,Andreas Beck,L,190,GER
105676,David Goffin,R,163,BEL
103676,Michael Yani,R,185,USA
105677,Nikola Cacic,R,NULL,SRB
104678,Viktor Troicki,R,193,SRB
105678,Axel Michon,L,NULL,FRA
104681,Sebastian Rieschick,R,NULL,GER
105683,Milos Raonic,R,196,CAN
102687,Herbert Wiltschnig,R,185,AUT
103693,Thierry Ascione,R,188,FRA
103694,Olivier Rochus,R,168,BEL
102694,Lars Burgsmuller,R,183,GER
104695,Fritz Wolmarans,U,NULL,RSA
103699,Fred Hemmes,R,183,NED
103700,Juan Pablo Guzman,L,178,ARG
102701,Marcelo Rios,L,175,CHI
103701,Diego Hartfield,R,185,ARG
103702,Stefano Ianni,R,NULL,ITA
102703,Hyung Taik Lee,R,180,KOR
104707,Denis Matsukevitch,R,190,RUS
144707,Mikael Ymer,R,NULL,SWE
103708,Jaroslav Pospisil,R,NULL,CZE
103709,Kristian Pless,R,188,DEN
101711,Alex Obrien,R,185,USA
103714,Andreas Vinciguerra,L,180,SWE
104714,Julian Reister,R,188,GER
102715,Ignacio Hirigoyen,R,183,ARG
103716,Uros Vico,R,188,ITA
101717,Diego Nargiso,L,188,ITA
104717,Brendan Evans,R,188,USA
104719,Marcel Granollers,R,190,ESP
144719,Jaume Munar,U,NULL,ESP
103720,Lleyton Hewitt,R,180,AUS
102720,Tomas Zib,R,178,CZE
104721,Josselin Ouanna,R,193,FRA
102722,Attila Savolt,R,183,HUN
103722,Florent Serra,R,180,FRA
101723,Magnus Larsson,R,193,SWE
105723,Andrey Kuznetsov,R,185,RUS
104724,Eduardo Schwank,R,183,ARG
103726,Jean Christophe Faurel,R,175,FRA
101727,Jason Stoltenberg,R,185,AUS
102730,Ivo Heuberger,R,188,SUI
103730,Jonathan Marray,R,NULL,GBR
104731,Kevin Anderson,R,203,RSA
105731,Steven Diez,R,NULL,CAN
105732,Pierre Hugues Herbert,R,NULL,FRA
101733,Jan Siemerink,L,183,NED
105733,Rhyne Williams,R,NULL,USA
101735,Richard Fromberg,R,196,AUS
103735,Lovro Zovko,R,190,CRO
104735,Tobias Kamke,R,180,GER
101736,Andre Agassi,R,180,USA
103737,Edgardo Massa,R,180,ARG
102738,Stefano Tarallo,R,185,ITA
104738,Caio Zampieri,R,183,BRA
104739,Guillermo Alcaide,R,188,ESP
104745,Rafael Nadal,L,185,ESP
101746,Renzo Furlan,R,175,ITA
103747,Dominik Meffert,R,198,GER
110748,Nikola Milojevic,U,NULL,SRB
101750,Cristiano Caratti,R,178,ITA
103751,Jonas Froberg,U,NULL,SWE
103752,Simon Greul,R,185,GER
102753,Wolfgang Schranz,R,178,AUT
104753,Woong Sun Jun,R,190,KOR
103754,Mark Hilton,L,170,GBR
104755,Richard Gasquet,R,185,FRA
123755,Daniel Elahi Galan Riveros,U,NULL,COL
103758,Taylor Dent,R,188,USA
104760,Scott Oudsema,R,190,USA
103761,Tomas Cakl,R,178,CZE
102763,Benjamin Cassaigne,L,185,FRA
103763,Martin Slanar,R,NULL,AUT
102765,Nicolas Escude,R,185,FRA
102768,Federico Browne,R,180,ARG
102770,John Van Lottum,R,185,NED
104770,Martin Fischer,R,NULL,AUT
101772,Andrei Cherkasov,R,180,RUS
101774,Todd Martin,R,198,USA
102776,Andrew Ilie,R,180,AUS
105777,Grigor Dimitrov,R,188,BUL
104779,Jamie Baker,R,NULL,GBR
102780,Frederic Niemeyer,R,190,CAN
103781,Jurgen Melzer,L,183,AUT
102783,Rainer Schuettler,R,180,GER
104783,Mikhail Ledovskikh,R,188,RUS
102785,Glenn Weiner,R,188,USA
103786,Nikolay Davydenko,R,178,RUS
102788,Jan Vacek,R,198,CZE
103789,Irakli Labadze,L,188,GEO
101792,Slava Dosedel,R,183,CZE
104792,Gael Monfils,R,193,FRA
101793,Jim Courier,R,185,USA
103794,Benjamin Becker,R,178,GER
102796,Magnus Norman,R,188,SWE
104797,Denis Istomin,R,188,UZB
111797,Nicolas Jarry,R,NULL,CHI
144797,Carl Soderlund,R,NULL,SWE
103799,Eric Prodon,R,178,FRA
102800,Nenad Zimonjic,R,190,SRB
104804,Amir Weintraub,R,188,ISR
101806,Marc Kevin Goellner,R,196,GER
105806,Mirza Basic,R,NULL,BIH
105807,Pablo Carreno Busta,R,NULL,ESP
102808,Kalle Flygt,R,NULL,SWE
103808,Potito Starace,R,188,ITA
102809,Axel Pretzsch,R,185,GER
102811,Dusan Vemic,R,190,SRB
103812,Victor Hanescu,R,198,ROU
104812,Scoville Jenkins,R,188,USA
103813,Jarkko Nieminen,L,185,FIN
104813,Grega Zemlja,R,183,SLO
104816,Karan Rastogi,R,178,IND
102817,Edwin Kempes,R,188,NED
103817,Yu Jr Wang,L,NULL,CHN
103819,Roger Federer,R,185,SUI
105819,Guido Andreozzi,R,NULL,ARG
101820,Marc Rosset,R,201,SUI
102821,Cecil Mamiit,R,173,PHI
103821,Danai Udomchoke,R,173,THA
103823,Denis Gremelmayr,L,183,GER
101826,Alex Lopez Moron,R,175,ESP
105826,Alejandro Gomez GB42,U,NULL,COL
103830,Shao Xuan Zeng,R,185,CHN
102831,Jacobo Diaz,R,173,ESP
101833,Michael Tebbutt,L,190,AUS
102834,Paul Goldstein,R,178,USA
103835,Filippo Volandri,R,183,ITA
102836,Rogier Wassen,R,190,NED
103837,Didac Perez,R,178,ESP
102839,Nicolas Lapentti,R,188,ECU
105842,Di Wu,R,NULL,CHN
101843,Sergi Bruguera,R,188,ESP
103843,Marco Chiudinelli,R,185,SUI
102845,Carlos Moya,R,190,ESP
103849,Francesco Aldi,R,175,ITA
103850,Sebastian Decoud,L,178,ARG
104850,Jonathan Dasnieres De Veigy,L,NULL,FRA
102851,Giorgio Galimberti,R,180,ITA
104851,Gianluca Naso,R,NULL,ITA
103852,Feliciano Lopez,L,188,ESP
102854,Sjeng Schalken,R,193,NED
102855,Jack Brasington,R,188,USA
102856,Gustavo Kuerten,R,190,BRA
103857,Igor Kunitsyn,R,180,RUS
104857,Robert Farah,R,193,COL
102860,Agustin Calleri,R,183,ARG
103862,Michail Elgin,R,183,RUS
102863,Takao Suzuki,R,175,JPN
104864,Alex Kuznetsov,R,183,USA
101868,Dick Norman,L,203,BEL
104868,James Ward,R,190,GBR
102869,Galo Blanco,R,173,ESP
104869,Sergei Bubka,R,NULL,UKR
104871,Jeremy Chardy,R,188,FRA
102872,James Sekulov,R,180,AUS
105872,Christian Lindell,U,NULL,SWE
104873,Aleksandr Nedovyesov,R,NULL,KAZ
105874,Albano Olivetti,R,203,FRA
105877,Emilio Gomez,R,NULL,ECU
102880,Alexander Popp,R,201,GER
105881,Matthew Barton,R,NULL,AUS
102882,Mark Philippoussis,R,196,AUS
104882,Blaz Kavcic,R,188,SLO
101885,Wayne Arthurs,L,190,AUS
102886,Frantisek Cermak,R,193,CZE
102887,Ramon Delgado,R,185,PAR
101888,Daniel Vacek,R,190,CZE
103888,Mardy Fish,R,188,USA
101889,Todd Woodbridge,R,178,AUS
104890,Andreas Haider Maurer,R,190,AUT
103893,Paolo Lorenzi,R,183,ITA
103894,Phillip King,R,175,USA
105894,Javier Marti,R,NULL,ESP
101897,Fernando Meligeni,L,180,BRA
104897,Matthias Bachinger,R,188,GER
103898,Julien Benneteau,R,185,FRA
104898,Robin Haase,R,190,NED
103900,David Nalbandian,R,180,ARG
101902,Stephane Huet,L,180,FRA
102902,Thomas Blake,R,NULL,USA
105902,James Duckworth,R,183,AUS
103902,Jan Mertl,R,190,CZE
102904,Leos Friedl,R,183,CZE
102905,Stefan Koubek,L,175,AUT
104907,Jose Rubin Statham,R,183,NZL
103908,Paul Henri Mathieu,R,185,FRA
103909,Guillermo Coria,R,175,ARG
102910,Salvador Navarro,R,180,ESP
102911,Andrei Stoliarov,R,178,RUS
103912,Mario Radic,R,188,CRO
103913,Ian Flanagan,U,NULL,GBR
104914,Ervin Eleskovic,R,NULL,SWE
105916,Marton Fucsovics,U,NULL,HUN
101917,Grant Stafford,R,188,RSA
103917,Nicolas Mahut,R,190,FRA
105917,Gianni Mina,R,185,FRA
104918,Andy Murray,R,190,GBR
104919,Leonardo Mayer,R,188,ARG
102921,Ota Fukarek,R,190,CZE
123921,Calvin Hemery,R,NULL,FRA
144923,Louis Wessels,R,NULL,GER
101924,Stefano Pescosolido,R,185,ITA
102925,Justin Gimelstob,R,196,USA
104925,Novak Djokovic,R,188,SRB
104926,Fabio Fognini,R,178,ITA
103926,Daniel Munoz De La Nava,L,NULL,ESP
105930,Daniel Kosakowski,R,NULL,USA
101932,Jared Palmer,R,190,USA
104932,Kenny De Schepper,L,203,FRA
105932,Nikoloz Basilashvili,R,NULL,RUS
102934,Nicolas Coutelot,R,185,FRA
105934,Chuhan Wang,U,NULL,CHN
105936,Filip Krajinovic,R,185,SRB
101938,Bernardo Mota,R,178,POR
101945,Thierry Guardiola,R,188,FRA
101947,Vincenzo Santopadre,L,183,ITA
104947,Marsel Ilhan,R,190,TUR
101948,Pete Sampras,R,185,USA
103948,Maximilian Abel,R,NULL,GER
104948,Petar Jelenic,R,NULL,CRO
102950,Fernando Vicente,R,180,ESP
105952,Renzo Olivo,R,NULL,ARG
102957,Vadim Kutsenko,R,180,RUS
104958,Carsten Ball,L,198,AUS
101962,Younes El Aynaoui,R,193,MAR
104963,Yannick Mertens,R,NULL,BEL
105963,Arthur De Greef,R,NULL,BEL
101964,Goran Ivanisevic,L,193,CRO
102965,Jamie Delgado,R,178,GBR
101965,Wayne Ferreira,R,185,RSA
104965,Pavol Cervenak,R,NULL,SVK
102966,Fredrik Jonsson,R,193,SWE
102967,Marc Gicquel,R,188,FRA
103967,Michael Lammer,R,185,SUI
104967,Alexander Sadecky,L,193,SUI
105967,Henri Laaksonen,R,NULL,SUI
102968,Jonathan Erlich,R,180,ISR
101969,Orlin Stanoytchev,R,185,BUL
103970,David Ferrer,R,175,ESP
104970,Matteo Viola,R,NULL,ITA
103971,Karol Beck,R,180,SVK
104976,Ryan Sweeting,R,196,USA
103976,Juan Pablo Brzezicki,R,178,ARG
104978,Daniel Brands,R,196,GER
104979,Andrey Golubev,R,185,KAZ
102983,Henrik Andersson,R,NULL,SWE
102985,Gustavo Marcaccio,R,NULL,ARG
102987,Andre Sa,R,185,BRA
101990,Richard Krajicek,R,196,NED
103990,Tommy Robredo,R,180,ESP
101991,Mauricio Hadad,R,170,COL
105992,Ryan Harrison,R,183,USA
101997,Marzio Martelli,R,180,ITA
102997,Hermes Gamonal,R,180,CHI
103997,Lukasz Kubot,R,190,POL
104997,Igor Sijsling,R,190,NED
102998,Jan Michael Gambill,R,190,USA
102999,Stefano Galvani,R,178,ITA
104999,Mischa Zverev,L,190,GER
103999,Thiago Alves,R,178,BRA
105341,Thomas Fabbiano,U,NULL,ITA
103868,Ivan Navarro,R,183,ESP
105294,Dennis Lajola,U,NULL,USA
104971,Blake Strode,R,188,USA
105229,Philip Bester,R,188,CAN
126205,Tommy Paul,U,NULL,USA
102751,Todd Perry,NULL,175,AUS
104975,Evgeny Kirillov,R,NULL,RUS
104504,Ross Hutchins,R,190,GBR
102198,Paul Kilderry,R,175,AUS
102100,Bartlomiej Dabrowski,R,NULL,POL
106066,Victor Baluda,R,NULL,RUS
104839,Yassine Idmbarek,U,NULL,MAR
126627,Johan Nikles,R,NULL,SUI
104368,Daniel King Turner,R,190,NZL
104810,Zhe Li,U,NULL,CHN
105853,Tigre Hank,U,NULL,MEX
104115,Marc Kimmich,R,183,AUS
103427,Yew Ming Si,U,NULL,MAS
108701,Juan Sebastian Cabal,U,NULL,COL
126094,Andrey Rublev,U,NULL,RUS
102537,Melvin Tong,R,NULL,HKG
102023,Petr Luxa,R,190,CZE
105048,Alex Clayton,R,183,USA
103924,Marc Fornell Mestres,R,NULL,ESP
103684,Benedikt Dorsch,R,178,GER
105831,Marko Djokovic,U,NULL,SRB
111156,Nathan Pasha,U,NULL,USA
104944,Niels Desein,R,NULL,BEL
104113,Carlos Salamanca,L,196,COL
105999,Bowen Ouyang,U,NULL,CHN
106293,Kimmer Coppejans,R,NULL,BEL
103437,Francesco Piccari,R,NULL,ITA
104233,Frederik Nielsen,R,190,DEN
106246,Robin Kern,U,NULL,GER
117356,Cem Ilkel,R,NULL,TUR
103039,Tripp Phillips,R,185,USA
101869,Juan Luis Tati Rascon,R,NULL,ESP
103878,Zach Dailey,U,NULL,USA
104736,Farrukh Dustov,R,196,UZB
104905,Nicolas Barrientos,R,175,COL
105070,Hans Podlipnik Castillo,U,NULL,CHI
105634,Viktor Galovic,R,NULL,ITA
103131,Michihisa Onoda,R,NULL,JPN
104156,Sunil Kumar,R,NULL,IND
102285,Nasser Ghanim Al Khulaifi,R,NULL,QAT
104282,Dennis Peschek,U,NULL,GER
105501,Akash Wagh,L,175,IND
104789,Sherif Sabry,U,NULL,EGY
101900,Nicklas Kulti,R,190,SWE
102347,Dmitri Tomashevich,NULL,NULL,UZB
104036,Simon Rea,U,NULL,NZL
103586,Mariusz Fyrstenberg,L,193,POL
103914,Omar Awadhy,R,NULL,UAE
103782,Rameez Junaid,R,NULL,AUS
103348,Timo Fleischfresser,U,NULL,GER
105104,Robin Roshardt,R,NULL,SUI
104181,Victor Ionita,R,185,ROU
102956,Sultan Khalfan,R,NULL,QAT
105262,Fernando Romboli,R,180,BRA
102979,Jeff Coetzee,R,173,RSA
104284,Frank Condor,U,NULL,ESP
103623,Jacob Adaktusson,R,NULL,SWE
102457,Miles Maclagan,R,180,GBR
103290,Radim Zitko,R,NULL,CZE
105426,Michael Linzer,R,NULL,AUT
105131,Tim Goransson,U,NULL,SWE
104893,Maxime Authom,R,NULL,BEL
104275,Josko Topic,U,NULL,CRO
105283,Gerard Granollers,R,NULL,ESP
104778,Andrey Kumantsov,R,NULL,RUS
103792,Joji Miyao,U,NULL,JPN
102239,Francisco Costa,R,180,BRA
104535,Daniel Garza,R,NULL,MEX
105231,Luka Belic,R,NULL,CRO
103363,Diego Ayala,R,175,USA
106093,Benjamin Mitchell,R,NULL,AUS
106283,Mitchell Krueger,R,NULL,USA
102617,Kim Tiilikainen,R,180,FIN
102881,David Skoch,R,183,CZE
103505,Vasilis Mazarakis,R,178,GRE
104711,G Jones,R,183,NZL
104951,Aljoscha Thron,U,NULL,GER
108997,Clint Bowles,L,NULL,USA
105601,Cristobal Saavedra Corvalan,R,NULL,CHI
101890,Jonathan Stark,R,188,USA
105189,Pavel Chekhov,R,NULL,RUS
102600,David Miketa,R,183,CZE
102875,Luke Smith,NULL,188,AUS
104385,Lars Poerschke,R,NULL,GER
105730,Devin Britton,R,193,USA
102835,Luke Milligan,R,180,GBR
104439,Vadim Davletshin,U,NULL,RUS
104896,Bruno Agostinelli,U,NULL,CAN
105711,Dino Marcan,R,NULL,CRO
104693,Dominic Inglot,R,NULL,GBR
102554,Diego Moyano,R,175,ARG
103520,Pavel Snobel,L,190,CZE
105066,Grzegorz Panfil,L,183,POL
103851,Conor Niland,R,185,IRL
105638,Daniel Cox,R,170,GBR
105281,Eric Quigley,U,NULL,USA
104126,Adam Kennedy,U,NULL,AUS
104684,Navdeep Singh,R,NULL,IND
103546,Patricio Arquez,NULL,NULL,ARG
102595,Helge Koll Frafjord,U,NULL,NOR
103209,Leonardo Azzaro,L,188,ITA
106393,Frederico Ferreira Silva,L,NULL,POR
102982,Yaoki Ishii,R,NULL,JPN
102405,Mahesh Bhupathi,R,185,IND
104059,Rasmus Norby,R,183,DEN
102885,Vishal Uppal,R,NULL,IND
104503,Guillermo Hormazabal,U,NULL,CHI
104325,Johannes Ager,R,196,AUT
102458,Jim Thomas,R,193,USA
102795,Scott Humphries,R,185,USA
102502,Paul Harsanyi,U,NULL,USA
103037,Andrew Carlson,U,NULL,USA
111153,Christopher Eubanks,U,NULL,USA
103682,Kyu Tae Im,R,185,KOR
103964,Tobias Klein,R,170,GER
103762,John Paul Fruttero,R,185,USA
105987,Mikhail Biryukov,U,NULL,RUS
105841,Lorenzo Giustino,U,NULL,ITA
106412,Lucas Gomez,U,NULL,MEX
101970,Iztok Bozic,R,NULL,SLO
102984,Martin Garcia,R,190,ARG
103975,Eric Nunez,R,NULL,USA
103468,Harsh Mankad,R,173,IND
103510,Rob Steckley,R,NULL,CAN
111581,Michael Mmoh,R,NULL,USA
104802,Fabrice Martin,R,NULL,FRA
106269,Austin Smith,U,NULL,USA
106167,Joris De Loore,R,NULL,BEL
101956,Mark Knowles,R,190,BAH
104644,Riccardo Ghedin,R,188,ITA
103863,Mikhail Elgin,R,183,RUS
111192,Lucas Miedler,R,NULL,AUT
105233,Jeevan Nedunchezhiyan,L,NULL,IND
104822,N Vijay Sundar Prashanth,U,NULL,IND
106034,Yasutaka Uchiyama,R,NULL,JPN
126646,Tim Van Rijthoven,R,NULL,NED
105031,Saketh Myneni,R,NULL,IND
103820,Alan Mackin,R,183,GBR
103748,Jan Minar,R,NULL,CZE
103978,Rabie Chaki,U,NULL,MAR
105091,Peter Torebko,R,NULL,GER
106244,Oliver Golding,R,NULL,GBR
105402,Peerakiat Siriluethaiwattana,U,NULL,THA
110536,Kevin King,U,NULL,USA
144760,Amine Ahouda,U,NULL,MAR
101821,Peter Tramacchi,R,185,AUS
105155,Pedro Sousa,R,180,POR
104831,Bartolome Salva Vidal,L,183,ESP
105060,Aldin Setkic,R,193,BIH
103076,Justin Oneal,R,NULL,USA
105220,Jun Chao Xu,U,NULL,CHN
104415,Colin Fleming,R,188,GBR
122279,Romain Bogaerts,U,NULL,BEL
103216,Clemens Trimmel,R,185,AUT
105014,Antal Van Der Duim,U,NULL,NED
101404,Thomas Muster,L,180,AUT
105609,Ilya Belyaev,R,180,RUS
104820,Erik Chvojka,L,NULL,CAN
103281,Ladislav Svarc,R,188,SVK
102410,David Caldwell,R,180,USA
103097,Trevor Spracklin,R,190,USA
104486,Horia Tecau,R,193,ROU
104501,Xin Yuan Yu,L,NULL,CHN
102961,Nicklas Timfjord,R,180,SWE
102145,Francisco Cabello,R,190,ARG
104485,Nick Van Der Meer,U,NULL,NED
104228,Guillem Burniol,R,NULL,ESP
104830,Matteo Marrai,U,NULL,ITA
102689,Martin Spottl,R,180,AUT
102557,Daniel Willman,U,NULL,NZL
123768,Collin Altamirano,R,NULL,USA
105001,Mao Xin Gong,R,178,CHN
106325,Jabor Al Mutawa,U,NULL,QAT
105781,Andrei Vasilevski,U,NULL,BLR
102529,Thomas Shimada,R,178,JPN
101167,Jaime Cortes,R,NULL,COL
105827,Laurynas Grigelis,R,183,LTU
104558,Mohammed Abdulla,U,NULL,QAT
104469,Erling Tveit,L,NULL,NOR
103718,David Martin,L,185,USA
102572,Igor Gaudi,R,188,ITA
104986,Vishnu Vardhan,R,188,IND
105591,Matt Reid,U,NULL,AUS
104034,Dmitry Vlasov,NULL,188,RUS
102469,Solon Peppas,R,NULL,GRE
103925,Gabriel Moraru,R,180,ROU
105515,Jordi Samper Montana,U,NULL,ESP
102077,Alexander Shvec,R,NULL,BLR
103775,Felipe Parada,R,175,CHI
103653,Jasper Smit,R,NULL,NED
103564,Jakub Herm Zahlava,R,NULL,GER
103715,Kirill Ivanov Smolensky,R,NULL,RUS
103402,Peter Clarke,R,188,IRL
102865,Doug Bohaboy,R,NULL,USA
105783,Chase Buchanan,R,NULL,USA
106362,Laurent Lokoli,U,NULL,FRA
104945,James Mcgee,R,NULL,IRL
105888,Toni Androic,U,NULL,CRO
132283,Lorenzo Sonego,R,NULL,ITA
111790,Brayden Schnur,R,NULL,CAN
102945,Luke Bourgeois,R,188,AUS
104355,Lester Cook,R,180,USA
103061,Jan Boruszewski,R,NULL,GER
102735,Cedric Kauffmann,R,NULL,FRA
134472,Antoine Bellier,U,NULL,SUI
103621,Igor Levine,U,NULL,RUS
104847,Adrien Bossel,L,NULL,SUI
117357,Omar Jasika,U,NULL,AUS
111456,Mackenzie Mcdonald,R,NULL,USA
105116,Dusan Lojda,L,NULL,CZE
105436,Markus Eriksson,U,NULL,SWE
105613,Norbert Gombos,U,NULL,SVK
106228,Juan Ignacio Londero,R,NULL,ARG
103350,Denis Golovanov,L,188,RUS
103465,Paul Logtens,R,175,NED
105026,Takuto Niki,U,NULL,JPN
103381,Andy Fahlke,R,185,GER
103677,Andreas Fasching,U,NULL,AUT
105941,Felipe Rios,R,NULL,CHI
102118,Radomir Vasek,R,188,CZE
103371,Emin Agaev,R,NULL,AZE
102215,Joshua Eagle,NULL,183,AUS
104807,Mehdi Ziadi,U,NULL,MAR
105586,Alexander Lazov,U,NULL,BUL
105782,Enrique Lopez Perez,R,NULL,ESP
104627,Boy Westerhof,U,NULL,NED
106035,Isak Arvidsson,R,NULL,SWE
104444,Ryan Henry,R,183,AUS
104677,Artem Sitak,U,NULL,NZL
110686,Finn Tearney,R,NULL,NZL
105720,Stanislav Vovk,R,185,RUS
104251,Ti Chen,R,183,TPE
105906,Kevin Krawietz,R,190,GER
106099,Salvatore Caruso,R,NULL,ITA
101463,Bernd Karbacher,R,185,GER
106078,Egor Gerasimov,R,NULL,BLR
105059,Kento Takeuchi,U,NULL,JPN
105985,Darian King,U,NULL,BAR
104445,Jose Antonio Sanchez De Luna,R,NULL,ESP
105471,Cesar Ramirez,U,NULL,MEX
105528,Alexander Ward,U,NULL,GBR
104692,Alexander Slabinsky,R,185,GBR
102467,Fazaluddin Syed,R,NULL,IND
117361,Akira Santillan,R,NULL,AUS
111513,Laslo Djere,R,NULL,SRB
103052,Mariano Delfino,R,183,ARG
102944,Stefano Cobolli,R,175,ITA
110636,Clay Thompson,R,NULL,USA
103497,Artem Derepasko,NULL,NULL,RUS
104283,Minh Quan Do,U,NULL,VIE
104478,Hyun Woo Nam,U,NULL,KOR
106090,Daniel Berta,R,178,SWE
102501,Johan Landsberg,R,183,SWE
101382,Marcelo Filippini,R,178,URU
102433,Mose Navarra,NULL,180,ITA
103746,Miguel Gallardo Valles,R,NULL,MEX
103690,Marcin Matkowski,R,188,POL
104272,Torsten Popp,R,NULL,GER
104140,Dawid Olejniczak,R,NULL,POL
120424,Yannick Maden,U,NULL,GER
117352,Oliver Anderson,U,NULL,AUS
106398,Pedro Cachin,R,NULL,ARG
104027,Pablo Gonzalez,R,178,COL
102789,Jay Gooding,R,188,AUS
103847,Adrian Bohane,U,NULL,USA
103256,Ivan Vajda,R,NULL,CRO
104037,Phillip Harboe,R,NULL,CHI
102086,Igor Kornienko,R,NULL,RUS
103102,John Hui,R,NULL,HKG
106321,Xin Gao,U,NULL,CHN
104519,Roman Vogeli,U,NULL,CZE
105559,Jonathan Eysseric,L,180,FRA
104334,Alberto Brizzi,R,NULL,ITA
104099,Israel Matos Gil,U,NULL,ESP
104781,Yuichi Ito,U,NULL,JPN
104317,David Luque Velasco,U,NULL,ESP
105427,Milos Sekulic,U,NULL,SWE
104192,Marco Crugnola,R,188,ITA
102603,Melvyn Op Der Heijde,R,180,NED
103642,Shan Jiang,NULL,NULL,CHN
102755,Alex Witt,R,NULL,USA
108993,Abdulla Hajji,U,NULL,QAT
105180,Daniel Dutra Da Silva,L,175,BRA
102864,Frank Moser,R,193,GER
104253,Juan Martin Aranguren,R,NULL,ARG
105579,Kittipong Wachiramanowong,R,183,THA
105738,Tsung Hua Yang,R,NULL,TPE
105651,Daniel Smethurst,U,NULL,GBR
106218,Marcos Giron,U,NULL,USA
106174,Gonzalo Lama,U,NULL,CHI
106006,Agustin Velotti,R,NULL,ARG
105679,Eduardo Struvay,R,NULL,COL
104953,Nikolai Fidirko,U,NULL,BLR
106138,Yaraslau Shyla,U,NULL,BLR
126120,Nino Serdarusic,U,NULL,CRO
102521,Hendrik Dreekmann,R,188,GER
102282,Tetsuya Chaen,R,NULL,JPN
104623,Josh Goodall,R,188,GBR
104465,Martin Emmrich,L,NULL,GER
102463,Lucas Arnold Ker,R,180,ARG
104158,Andrew Anderson,R,193,RSA
104960,Miguel Angel Reyes Varela,U,NULL,MEX
106220,Dimitar Kuzmanov,U,NULL,BUL
106353,Pedja Krstin,R,NULL,SRB
106374,Filip Veger,U,NULL,CRO
105751,Roberto Ortega Olmedo,U,NULL,ESP
106397,Wishaya Trongcharoenchaikul,R,NULL,THA
104640,Pablo Galdon,U,NULL,ARG
102734,Lior Mor,R,175,ISR
105336,Nicolas Meister,U,NULL,USA
104595,Sascha Kloer,U,NULL,GER
103834,Levar Harper Griffith,R,NULL,USA
102978,Zbynek Mlynarik,R,175,AUT
105882,Stefano Travaglia,U,NULL,ITA
102472,Marcello Craca,R,180,GER
102545,Pedro Braga,R,NULL,BRA
104161,Tomislav Peric,R,NULL,CRO
105245,Fabiano De Paula,U,NULL,BRA
103609,Matthew Behrmann,U,NULL,USA
103109,Talal Ouahabi,R,NULL,MAR
109739,Maximilian Marterer,L,NULL,GER
103092,Nuno Matias,R,NULL,POR
103841,Julio Peralta,U,NULL,CHI
104179,Bruno Echagaray,R,183,MEX
105084,James Lemke,R,NULL,AUS
104729,Ivan Nedelko,U,NULL,RUS
105100,Edward Corrie,U,NULL,GBR
106430,Patrick Ciorcila,R,NULL,ROU
123828,Jan Choinski,R,NULL,GER
104393,Gregoire Burquier,L,NULL,FRA
111506,Maxime Hamou,R,NULL,FRA
104456,Colin Ebelthite,R,NULL,AUS
106296,Gregoire Barrere,R,183,FRA
104234,Predrag Rusevski,R,NULL,MKD
134770,Casper Ruud,R,NULL,NOR
102948,Oliver Freelove,R,NULL,GBR
104823,Bruno Rodriguez,U,NULL,MEX
105331,Petru Alexandru Luncanu,L,185,ROU
102520,Olivier Malcor,R,180,FRA
104732,Phillip Simmonds,R,NULL,USA
102959,Marko Tkalec,R,178,SLO
103080,Paul Hanley,R,183,AUS
105590,Uladzimir Ignatik,R,NULL,BLR
106238,Andres Artunedo Martinavarr,U,NULL,ESP
101703,Guillaume Raoux,R,180,FRA
103282,Tiago Sousa,NULL,NULL,POR
106081,Thomas Jun Facchini Takemoto,R,NULL,BRA
106123,Tiago Fernandes,R,NULL,BRA
111444,Karim Hossam,R,NULL,EGY
105325,Germain Gigounon,U,NULL,BEL
103460,Konstantin Don Gruber,R,183,AUT
101731,Nuno Marques,L,190,POR
105757,Sandro Ehrat,R,180,SUI
104508,Robert Yim,L,NULL,USA
104021,Marco Mirnegg,R,180,AUT
101439,Javier Sanchez,R,178,ESP
108996,Mahmoud Nader Al Baloushi,U,NULL,UAE
103986,Radoslav Lukaev,R,NULL,BUL
104295,Raphael Durek,R,188,AUS
105072,Sanam Singh,U,NULL,IND
101761,Jaime Oncins,NULL,196,BRA
103822,Scott Lipsky,R,185,USA
102406,Thomas Dupre,R,NULL,FRA
102207,Jan Weinzierl,R,NULL,GER
103149,Mathias Hellstrom,R,NULL,SWE
102250,Emanuel Couto,R,183,POR
110476,Mousa Shanan Zayed,U,NULL,QAT
103988,Mariano Albert Ferrando,U,NULL,ESP
103969,Roman Borvanov,U,NULL,MDA
106158,Suk Young Jeong,R,NULL,KOR
105271,Gonzalo Escobar,L,NULL,ECU
110596,Fred Simonsson,R,NULL,SWE
110754,David Vega Hernandez,R,NULL,ESP
106005,Constant Lestienne,R,NULL,FRA
125802,Ilya Ivashka,R,NULL,BLR
104488,Armin Sandbichler,L,180,AUT
103422,Sebastian Fitz,R,NULL,GER
104287,Steven Korteling,U,NULL,NED
105529,Carlos Gomez Herrera,U,NULL,ESP
105830,Hicham Khaddari,U,NULL,MAR
103033,Helder Lopes,R,NULL,POR
202359,Marvin Moeller,U,NULL,GER
105120,Andres Molteni,R,NULL,ARG
103963,Filip Urban,R,193,POL
101263,Luke Jensen,U,190,USA
102805,Matthew Breen,NULL,NULL,AUS
103015,Daniel Melo,L,185,BRA
105707,Nicolaas Scholtz,R,NULL,RSA
104106,Ludovic Walter,U,NULL,FRA
102772,Yu Zhang,R,NULL,CHN
102693,Leonardo Olguin,R,NULL,ARG
105252,Takahiro Ittogi,R,NULL,JPN
102168,Hector Moretti,R,170,ARG
104646,Purav Raja,R,NULL,IND
105688,Manuel Sanchez,R,NULL,MEX
103365,Javier Garcia Sintes,NULL,NULL,ESP
126152,Ryan Shane,U,NULL,USA
122570,Mubarak Al Harrasi,U,NULL,QAT
101871,Alexander Reichel,R,193,USA
103328,Andres Pedroso,R,NULL,USA
104208,Damian Patriarca,U,NULL,ARG
105029,Sergey Betov,U,NULL,BLR
105401,Matteo Trevisan,U,NULL,ITA
105943,Federico Gaio,U,NULL,ITA
103984,Julien Mathieu,R,NULL,FRA
105175,Kristijan Mesaros,U,NULL,CRO
106109,Alex Bolt,L,NULL,AUS
106250,Luis Patino,R,NULL,MEX
103358,Nicolas Todero,R,183,ARG
103923,Radoslaw Nijaki,U,NULL,POL
103353,Ingo Neumuller,R,183,AUT
104612,Daniel Yoo,U,NULL,KOR
102192,Luis Adrian Morejon,R,178,ECU
103646,Lars Uebel,R,NULL,GER
104993,Martin Vaisse,U,NULL,FRA
102743,Ben Ellwood,R,178,AUS
103068,Chemseddine Belal,NULL,180,MAR
106764,Christopher Koderisch,U,180,GER
103805,Catalin Gard,R,NULL,ROU
104235,Matwe Middelkoop,R,NULL,NED
104211,Roman Valent,R,183,SUI
104803,Younes Rachidi,U,NULL,MAR
103921,Sonchat Ratiwatana,R,175,THA
104473,Walter Trusendi,U,NULL,ITA
105960,Evan King,L,185,USA
102655,Jimy Szymanski,R,175,VEN
101937,Robbie Koenig,NULL,173,RSA
103711,Jaroslav Levinsky,R,196,CZE
103287,Krystian Pfeiffer,U,NULL,POL
104361,Michel Koning,U,NULL,NED
103590,Michael Quintero,R,NULL,COL
105440,Arsenije Zlatanovic,R,193,SRB
103472,Karim Maamoun,R,NULL,EGY
106277,Ariez Elyaas Deen Heshaam,R,NULL,MAS
